lane,dag_label,start_min,end_min,duration_min,cron_minute,second_offset
1,CLUSTERIQ | RUNNING_JOBS,0.0,18.5,18.5,0,0
1,COMPUTE | ROLLUP_METRICS,18.5,31.333333333333336,12.833333333333334,18,30
1,CLUSTERIQ | COMPLETED_JOBS_HELIOS,31.333333333333336,39.0,7.666666666666667,31,20
1,COMPUTE | ODC_INVENTORY,39.0,42.166666666666664,3.1666666666666665,39,0
1,COMPUTE | HOST_INVENTORY,42.166666666666664,44.83333333333333,2.6666666666666665,42,10
1,SERVICE_NOW | REQUESTED_ITEM_HF,44.83333333333333,47.49999999999999,2.6666666666666665,44,50
1,COMPUTE | LSF_METRICS,47.49999999999999,49.99999999999999,2.5,47,30
1,COMPUTE | METRICS,49.99999999999999,51.83333333333333,1.8333333333333333,49,60
1,SERVICE_NOW | REQUEST_HF,51.83333333333333,53.666666666666664,1.8333333333333333,51,50
1,SERVICE_NOW | INCIDENT_HF,53.666666666666664,54.83333333333333,1.1666666666666667,53,40
2,CLUSTERIQ | PENDING_JOBS_REASON,0.0,22.5,22.5,0,0
2,CLUSTERIQ | USER_FAIR_SHARE,22.5,43.16666666666667,20.666666666666668,22,30
2,STORAGE | STORAGE_METRICS,43.16666666666667,45.833333333333336,2.6666666666666665,43,10
2,CLUSTERIQ | CLUSTER_CONFIG,45.833333333333336,48.333333333333336,2.5,45,50
2,CLUSTERIQ | PENDING_JOBS,48.333333333333336,50.5,2.1666666666666665,48,20
2,COMPUTE | SAIKVSTORE,50.5,52.333333333333336,1.8333333333333333,50,30
2,CLUSTERIQ | APPPROFILE_GUARANTEED_SLOTS,52.333333333333336,54.0,1.6666666666666667,52,20
